"source"	"theme"	"raw_file"	"identifier"	"title"	"authors"	"year"	"venue"	"url"	"status"	"canonical_hint"
"arxiv"	"dense"	"arxiv_dense.txt"	"2208.04438"	"Occlusion-Aware Instance Segmentation via BiLayer Network Architectures"	"Lei Ke; Yu-Wing Tai; Chi-Keung Tang"	"2022"	""	"https://arxiv.org/abs/2208.04438"	"untriaged"	"2208.04438"
"arxiv"	"dense"	"arxiv_dense.txt"	"2209.13899"	"Strong Instance Segmentation Pipeline for MMSports Challenge"	"Bo Yan; Fengliang Qi; Zhuang Li; Yadong Li; Hongbin Wang"	"2022"	""	"https://arxiv.org/abs/2209.13899"	"untriaged"	"2209.13899"
"arxiv"	"dense"	"arxiv_dense.txt"	"2012.02107"	"Robust Instance Segmentation through Reasoning about Multi-Object Occlusion"	"Xiaoding Yuan; Adam Kortylewski; Yihong Sun; Alan Yuille"	"2020"	""	"https://arxiv.org/abs/2012.02107"	"untriaged"	"2012.02107"
"arxiv"	"dense"	"arxiv_dense.txt"	"2110.00470"	"Instance Segmentation Challenge Track Technical Report, VIPriors Workshop at ICCV 2021: Task-Specific Copy-Paste Data Augmentation Method for Instance Segmentation"	"Jahongir Yunusov; Shohruh Rakhmatov; Abdulaziz Namozov; Abdulaziz Gaybulayev; Tae-Hyong Kim"	"2021"	""	"https://arxiv.org/abs/2110.00470"	"untriaged"	"2110.00470"
"arxiv"	"dense"	"arxiv_dense.txt"	"2212.09277"	"Building Height Prediction with Instance Segmentation"	"Furkan Burak Bagci; Ahmet Alp Kindriroglu; Metehan Yalcin; Ufuk Uyan; Mahiye Uluyagmur Ozturk"	"2022"	""	"https://arxiv.org/abs/2212.09277"	"untriaged"	"2212.09277"
"arxiv"	"dense"	"arxiv_dense.txt"	"2109.11103"	"Unseen Object Amodal Instance Segmentation via Hierarchical Occlusion Modeling"	"Seunghyeok Back; Joosoon Lee; Taewon Kim; Sangjun Noh; Raeyoung Kang; Seongho Bak; Kyoobin Lee"	"2021"	""	"https://arxiv.org/abs/2109.11103"	"untriaged"	"2109.11103"
"arxiv"	"dense"	"arxiv_dense.txt"	"2504.14054"	"Occlusion-Ordered Semantic Instance Segmentation"	"Soroosh Baselizadeh; Cheuk-To Yu; Olga Veksler; Yuri Boykov"	"2025"	""	"https://arxiv.org/abs/2504.14054"	"untriaged"	"2504.14054"
"arxiv"	"dense"	"arxiv_dense.txt"	"2211.11282"	"Task-Specific Data Augmentation and Inference Processing for VIPriors Instance Segmentation Challenge"	"Bo Yan; Xingran Zhao; Yadong Li; Hongbin Wang"	"2022"	""	"https://arxiv.org/abs/2211.11282"	"untriaged"	"2211.11282"
"arxiv"	"dense"	"arxiv_dense.txt"	"2604.01742"	"Dense Point-to-Mask Optimization with Reinforced Point Selection for Crowd Instance Segmentation"	"Hongru Chen; Jiyang Huang; Jia Wan; Antoni B. Chan"	"2026"	""	"https://arxiv.org/abs/2604.01742"	"untriaged"	"2604.01742"
"arxiv"	"dense"	"arxiv_dense.txt"	"2205.06218"	"Delving into High-Quality Synthetic Face Occlusion Segmentation Datasets"	"Kenny T. R. Voo; Liming Jiang; Chen Change Loy"	"2022"	""	"https://arxiv.org/abs/2205.06218"	"untriaged"	"2205.06218"
"arxiv"	"fragmentation"	"arxiv_fragmentation.txt"	"cond-mat/0106135"	"Superstructures at low spin - high spin transitions"	"D. I. Khomskii; U. Löw"	"2001"	""	"https://arxiv.org/abs/cond-mat/0106135"	"untriaged"	"cond-mat/0106135"
"arxiv"	"fragmentation"	"arxiv_fragmentation.txt"	"2106.11963"	"Tracking Instances as Queries"	"Shusheng Yang; Yuxin Fang; Xinggang Wang; Yu Li; Ying Shan; Bin Feng; Wenyu Liu"	"2021"	""	"https://arxiv.org/abs/2106.11963"	"untriaged"	"2106.11963"
"arxiv"	"fragmentation"	"arxiv_fragmentation.txt"	"2608.11607"	"Topology-Aware Query Selection for Surgical Instrument Instance Segmentation"	"Ze Zhang; Yang Zhang"	"2026"	""	"https://arxiv.org/abs/2608.11607"	"untriaged"	"2608.11607"
"arxiv"	"fragmentation"	"arxiv_fragmentation.txt"	"1412.6158"	"Field topologies in ideal and near ideal magnetohydrodynamics and vortex dynamics"	"B. C. Low"	"2014"	""	"https://arxiv.org/abs/1412.6158"	"untriaged"	"1412.6158"
"arxiv"	"fragmentation"	"arxiv_fragmentation.txt"	"1410.0637"	"Bounds on the attractor dimension for magnetohydrodynamic channel flow with parallel magnetic field at low magnetic Reynolds number"	"Robert Low; Alban Potherat"	"2014"	""	"https://arxiv.org/abs/1410.0637"	"untriaged"	"1410.0637"
"arxiv"	"fragmentation"	"arxiv_fragmentation.txt"	"2409.17988"	"Deblur e-NeRF: NeRF from Motion-Blurred Events under High-speed or Low-light Conditions"	"Weng Fei Low; Gim Hee Lee"	"2024"	""	"https://arxiv.org/abs/2409.17988"	"untriaged"	"2409.17988"
"arxiv"	"fragmentation"	"arxiv_fragmentation.txt"	"2007.03702"	"The Role of Stellar Feedback in the Chemical Evolution of a Low Mass Dwarf Galaxy"	"Andrew Emerick; Greg L. Bryan; Mordecai-Mark Mac Low"	"2020"	""	"https://arxiv.org/abs/2007.03702"	"untriaged"	"2007.03702"
"arxiv"	"fragmentation"	"arxiv_fragmentation.txt"	"1605.02746"	"Gas Loss by Ram Pressure Stripping and Internal Feedback From Low Mass Milky Way Satellites"	"Andrew Emerick; Mordecai-Mark Mac Low; Jana Grcevich; Andrea Gatto"	"2016"	""	"https://arxiv.org/abs/1605.02746"	"untriaged"	"1605.02746"
"arxiv"	"fragmentation"	"arxiv_fragmentation.txt"	"2608.29253"	"QCell: Recombining and Aligning Cell Queries for Overlapping Instance Segmentation"	"Yaroslav Prytula; Anton Popov; Dmytro Fishman"	"2026"	""	"https://arxiv.org/abs/2608.29253"	"untriaged"	"2608.29253"
"arxiv"	"fragmentation"	"arxiv_fragmentation.txt"	"1909.04695"	"Simulating Metal Mixing of Both Common and Rare Enrichment Sources in a Low Mass Dwarf Galaxy"	"Andrew Emerick; Greg L. Bryan; Mordecai-Mark Mac Low"	"2019"	""	"https://arxiv.org/abs/1909.04695"	"untriaged"	"1909.04695"
"arxiv"	"pig_animal"	"arxiv_pig_animal.txt"	"1909.06684"	"3D Kidneys and Kidney Tumor Semantic Segmentation using Boundary-Aware Networks"	"Andriy Myronenko; Ali Hatamizadeh"	"2019"	""	"https://arxiv.org/abs/1909.06684"	"untriaged"	"1909.06684"
"arxiv"	"pig_animal"	"arxiv_pig_animal.txt"	"2011.11052"	"Efficient embedding network for 3D brain tumor segmentation"	"Hicham Messaoudi; Ahror Belaid; Mohamed Lamine Allaoui; Ahcene Zetout; Mohand Said Allili; Souhil Tliba; Douraied Ben Salem; Pierre-Henri Conze"	"2020"	""	"https://arxiv.org/abs/2011.11052"	"untriaged"	"2011.11052"
"arxiv"	"pig_animal"	"arxiv_pig_animal.txt"	"2209.13899"	"Strong Instance Segmentation Pipeline for MMSports Challenge"	"Bo Yan; Fengliang Qi; Zhuang Li; Yadong Li; Hongbin Wang"	"2022"	""	"https://arxiv.org/abs/2209.13899"	"untriaged"	"2209.13899"
"arxiv"	"pig_animal"	"arxiv_pig_animal.txt"	"2304.13509"	"EasyPortrait -- Face Parsing and Portrait Segmentation Dataset"	"Karina Kvanchiani; Elizaveta Petrova; Karen Efremyan; Alexander Sautin; Alexander Kapitanov"	"2023"	""	"https://arxiv.org/abs/2304.13509"	"untriaged"	"2304.13509"
"arxiv"	"pig_animal"	"arxiv_pig_animal.txt"	"2508.16016"	"DRespNeT: A UAV Dataset and YOLOv8-DRN Model for Aerial Instance Segmentation of Building Access Points for Post-Earthquake Search-and-Rescue Missions"	"Aykut Sirma; Angelos Plastropoulos; Gilbert Tang; Argyrios Zolotas"	"2025"	""	"https://arxiv.org/abs/2508.16016"	"untriaged"	"2508.16016"
"arxiv"	"pig_animal"	"arxiv_pig_animal.txt"	"2110.00470"	"Instance Segmentation Challenge Track Technical Report, VIPriors Workshop at ICCV 2021: Task-Specific Copy-Paste Data Augmentation Method for Instance Segmentation"	"Jahongir Yunusov; Shohruh Rakhmatov; Abdulaziz Namozov; Abdulaziz Gaybulayev; Tae-Hyong Kim"	"2021"	""	"https://arxiv.org/abs/2110.00470"	"untriaged"	"2110.00470"
"arxiv"	"pig_animal"	"arxiv_pig_animal.txt"	"2212.09277"	"Building Height Prediction with Instance Segmentation"	"Furkan Burak Bagci; Ahmet Alp Kindriroglu; Metehan Yalcin; Ufuk Uyan; Mahiye Uluyagmur Ozturk"	"2022"	""	"https://arxiv.org/abs/2212.09277"	"untriaged"	"2212.09277"
"arxiv"	"pig_animal"	"arxiv_pig_animal.txt"	"2208.04438"	"Occlusion-Aware Instance Segmentation via BiLayer Network Architectures"	"Lei Ke; Yu-Wing Tai; Chi-Keung Tang"	"2022"	""	"https://arxiv.org/abs/2208.04438"	"untriaged"	"2208.04438"
"arxiv"	"pig_animal"	"arxiv_pig_animal.txt"	"2310.01946"	"CoralVOS: Dataset and Benchmark for Coral Video Segmentation"	"Zheng Ziqiang; Xie Yaofeng; Liang Haixin; Yu Zhibin; Sai-Kit Yeung"	"2023"	""	"https://arxiv.org/abs/2310.01946"	"untriaged"	"2310.01946"
"arxiv"	"pig_animal"	"arxiv_pig_animal.txt"	"1903.06260"	"Mixture Modeling of Global Shape Priors and Autoencoding Local Intensity Priors for Left Atrium Segmentation"	"Tim Sodergren; Riddhish Bhalodia; Ross Whitaker; Joshua Cates; Nassir Marrouche; Shireen Elhabian"	"2019"	""	"https://arxiv.org/abs/1903.06260"	"untriaged"	"1903.06260"
"arxiv"	"relation"	"arxiv_relation.txt"	"2209.13899"	"Strong Instance Segmentation Pipeline for MMSports Challenge"	"Bo Yan; Fengliang Qi; Zhuang Li; Yadong Li; Hongbin Wang"	"2022"	""	"https://arxiv.org/abs/2209.13899"	"untriaged"	"2209.13899"
"arxiv"	"relation"	"arxiv_relation.txt"	"2504.16021"	"Navigating the State of Cognitive Flow: Context-Aware AI Interventions for Effective Reasoning Support"	"Dinithi Dissanayake; Suranga Nanayakkara"	"2025"	""	"https://arxiv.org/abs/2504.16021"	"untriaged"	"2504.16021"
"arxiv"	"relation"	"arxiv_relation.txt"	"2110.00470"	"Instance Segmentation Challenge Track Technical Report, VIPriors Workshop at ICCV 2021: Task-Specific Copy-Paste Data Augmentation Method for Instance Segmentation"	"Jahongir Yunusov; Shohruh Rakhmatov; Abdulaziz Namozov; Abdulaziz Gaybulayev; Tae-Hyong Kim"	"2021"	""	"https://arxiv.org/abs/2110.00470"	"untriaged"	"2110.00470"
"arxiv"	"relation"	"arxiv_relation.txt"	"2208.04438"	"Occlusion-Aware Instance Segmentation via BiLayer Network Architectures"	"Lei Ke; Yu-Wing Tai; Chi-Keung Tang"	"2022"	""	"https://arxiv.org/abs/2208.04438"	"untriaged"	"2208.04438"
"arxiv"	"relation"	"arxiv_relation.txt"	"2212.09277"	"Building Height Prediction with Instance Segmentation"	"Furkan Burak Bagci; Ahmet Alp Kindriroglu; Metehan Yalcin; Ufuk Uyan; Mahiye Uluyagmur Ozturk"	"2022"	""	"https://arxiv.org/abs/2212.09277"	"untriaged"	"2212.09277"
"arxiv"	"relation"	"arxiv_relation.txt"	"2211.11282"	"Task-Specific Data Augmentation and Inference Processing for VIPriors Instance Segmentation Challenge"	"Bo Yan; Xingran Zhao; Yadong Li; Hongbin Wang"	"2022"	""	"https://arxiv.org/abs/2211.11282"	"untriaged"	"2211.11282"
"arxiv"	"relation"	"arxiv_relation.txt"	"1512.04412"	"Instance-aware Semantic Segmentation via Multi-task Network Cascades"	"Jifeng Dai; Kaiming He; Jian Sun"	"2015"	""	"https://arxiv.org/abs/1512.04412"	"untriaged"	"1512.04412"
"arxiv"	"relation"	"arxiv_relation.txt"	"1903.06260"	"Mixture Modeling of Global Shape Priors and Autoencoding Local Intensity Priors for Left Atrium Segmentation"	"Tim Sodergren; Riddhish Bhalodia; Ross Whitaker; Joshua Cates; Nassir Marrouche; Shireen Elhabian"	"2019"	""	"https://arxiv.org/abs/1903.06260"	"untriaged"	"1903.06260"
"arxiv"	"relation"	"arxiv_relation.txt"	"1909.06684"	"3D Kidneys and Kidney Tumor Semantic Segmentation using Boundary-Aware Networks"	"Andriy Myronenko; Ali Hatamizadeh"	"2019"	""	"https://arxiv.org/abs/1909.06684"	"untriaged"	"1909.06684"
"arxiv"	"relation"	"arxiv_relation.txt"	"2305.09447"	"Multi-Level Global Context Cross Consistency Model for Semi-Supervised Ultrasound Image Segmentation with Diffusion Model"	"Fenghe Tang; Jianrui Ding; Lingtao Wang; Min Xian; Chunping Ning"	"2023"	""	"https://arxiv.org/abs/2305.09447"	"untriaged"	"2305.09447"
"deepxiv"	"dense"	"deepxiv_dense.txt"	"2001.07475"	"Instance Segmentation of Visible and Occluded Regions for Finding and Picking Target from a Pile of Objects"	"Kentaro Wada; Shingo Kitagawa; Kei Okada; Masayuki Inaba"	"2018"	"IEEE/RJS International Conference on Intelligent RObots and Systems"	"https://arxiv.org/abs/2001.07475"	"untriaged"	"2001.07475"
"deepxiv"	"dense"	"deepxiv_dense.txt"	"2302.11983"	"Category-level Shape Estimation for Densely Cluttered Objects"	"Zhenyu Wu; Ziwei Wang; Jiwen Lu; Haibin Yan"	"2023"	"IEEE International Conference on Robotics and Automation"	"https://arxiv.org/abs/2302.11983"	"untriaged"	"2302.11983"
"deepxiv"	"dense"	"deepxiv_dense.txt"	"2208.03496"	"Smart Explorer: Recognizing Objects in Dense Clutter via Interactive Exploration"	"Zhenyu Wu; Ziwei Wang; Zibu Wei; Yi Wei; Haibin Yan"	"2022"	"IEEE/RJS International Conference on Intelligent RObots and Systems"	"https://arxiv.org/abs/2208.03496"	"untriaged"	"2208.03496"
"deepxiv"	"dense"	"deepxiv_dense.txt"	"2012.02107"	"Robust Instance Segmentation through Reasoning about Multi-Object Occlusion"	"Xiaoding Yuan; Adam Kortylewski; Yihong Sun; Alan Yuille"	"2021"	"Computer Vision and Pattern Recognition"	"https://arxiv.org/abs/2012.02107"	"untriaged"	"2012.02107"
"deepxiv"	"dense"	"deepxiv_dense.txt"	"2109.11103"	"Unseen Object Amodal Instance Segmentation via Hierarchical Occlusion Modeling"	"Seunghyeok Back; Joosoon Lee; Taewon Kim; Sangjun Noh; Raeyoung Kang; Seongho Bak; Kyoobin Lee"	"2022"	"IEEE International Conference on Robotics and Automation"	"https://arxiv.org/abs/2109.11103"	"untriaged"	"2109.11103"
"deepxiv"	"dense"	"deepxiv_dense.txt"	"2608.06236"	"Depth-Guided Video Object Counting in Crowded Scenes"	"Yuanjing Xu; Zixuan Zou; Xinyan Liu; Linhao Zhang; Antoni B. Chan; Weidong Chen; Zhuangzhe Meng; Weigang Zhang"	""	""	"https://arxiv.org/abs/2608.06236"	"untriaged"	"2608.06236"
"deepxiv"	"dense"	"deepxiv_dense.txt"	"2001.07481"	"Joint Learning of Instance and Semantic Segmentation for Robotic Pick-and-Place with Heavy Occlusions in Clutter"	"Kentaro Wada; Kei Okada; Masayuki Inaba"	"2019"	"IEEE International Conference on Robotics and Automation"	"https://arxiv.org/abs/2001.07481"	"untriaged"	"2001.07481"
"deepxiv"	"dense"	"deepxiv_dense.txt"	"2210.03551"	"Instance Segmentation of Dense and Overlapping Objects via Layering"	"Long Chen; Yuli Wu; Dorit Merhof"	""	"British Machine Vision Conference"	"https://arxiv.org/abs/2210.03551"	"untriaged"	"2210.03551"
"deepxiv"	"dense"	"deepxiv_dense.txt"	"2208.04438"	"Occlusion-Aware Instance Segmentation via BiLayer Network Architectures"	"Lei Ke; Yu-Wing Tai; Chi-Keung Tang"	""	"IEEE Transactions on Pattern Analysis and Machine Intelligence"	"https://arxiv.org/abs/2208.04438"	"untriaged"	"2208.04438"
"deepxiv"	"dense"	"deepxiv_dense.txt"	"1801.01281"	"Object segmentation in depth maps with one user click and a synthetically trained fully convolutional network"	"Matthieu Grard; Romain Brégier; Florian Sella; Emmanuel Dellandréa; Liming Chen"	""	"International Workshop on Human Friendly Robotics"	"https://arxiv.org/abs/1801.01281"	"untriaged"	"1801.01281"
"deepxiv"	"fragmentation"	"deepxiv_fragmentation.txt"	"2301.01156"	"Reference Twice: A Simple and Unified Baseline for Few-Shot Instance Segmentation"	"Yue Han; Jiangning Zhang; Yabiao Wang; Chengjie Wang; Yong Liu; Lu Qi; Xiangtai Li; Ming-Hsuan Yang"	""	"IEEE Transactions on Pattern Analysis and Machine Intelligence"	"https://arxiv.org/abs/2301.01156"	"untriaged"	"2301.01156"
"deepxiv"	"fragmentation"	"deepxiv_fragmentation.txt"	"2411.14179"	"CompetitorFormer: Competitor Transformer for 3D Instance Segmentation"	"Duanchu Wang; Jing Liu; Haoran Gong; Yinghui Quan; Di Wang"	""	"arXiv.org"	"https://arxiv.org/abs/2411.14179"	"untriaged"	"2411.14179"
"deepxiv"	"fragmentation"	"deepxiv_fragmentation.txt"	"2502.04139"	"Beyond the Final Layer: Hierarchical Query Fusion Transformer with Agent-Interpolation Initialization for 3D Instance Segmentation"	"Jiahao Lu; Jiacheng Deng; Tianzhu Zhang"	""	"arXiv.org"	"https://arxiv.org/abs/2502.04139"	"untriaged"	"2502.04139"
"deepxiv"	"fragmentation"	"deepxiv_fragmentation.txt"	"2202.02975"	"Competitive Online Optimization with Multiple Inventories: A Divide-and-Conquer Approach"	"Qiulin Lin; Yanfang Mo; Junyan Su; Minghua Chen"	""	"Measurement and Modeling of Computer Systems"	"https://arxiv.org/abs/2202.02975"	"untriaged"	"2202.02975"
"deepxiv"	"fragmentation"	"deepxiv_fragmentation.txt"	"2011.13228"	"MultiStar: Instance Segmentation of Overlapping Objects with Star-Convex Polygons"	"Florin C. Walter; Sebastian Damrich; Fred A. Hamprecht"	"2021"	"IEEE International Symposium on Biomedical Imaging"	"https://arxiv.org/abs/2011.13228"	"untriaged"	"2011.13228"
"deepxiv"	"fragmentation"	"deepxiv_fragmentation.txt"	"2404.18133"	"Logarithmic Comparison-Based Query Complexity for Fair Division of Indivisible Goods"	"Xiaolin Bu; Zihao Li; Shengxin Liu; Jiaxin Song; Biaoshuai Tao"	""	"Workshop on Internet and Network Economics"	"https://arxiv.org/abs/2404.18133"	"untriaged"	"2404.18133"
"deepxiv"	"fragmentation"	"deepxiv_fragmentation.txt"	"physics/0502144"	"Sociophysics Simulations I: Language Competition"	"Christian Schulze; Dietrich Stauffer"	""	"arXiv: Physics and Society"	"https://arxiv.org/abs/physics/0502144"	"untriaged"	"physics/0502144"
"deepxiv"	"fragmentation"	"deepxiv_fragmentation.txt"	"2607.27509"	"Quantum Interference as a Proposal Mechanism for Combinatorial Optimization"	"Donald J. Jacobs"	""	""	"https://arxiv.org/abs/2607.27509"	"untriaged"	"2607.27509"
"deepxiv"	"fragmentation"	"deepxiv_fragmentation.txt"	"1305.2758"	"Using Page Size for Controlling Duplicate Query Results in Semantic Web"	"Oumair Naseer; Ayesha Naseer; Atif Ali Khan; Humza Naseer"	""	"arXiv.org"	"https://arxiv.org/abs/1305.2758"	"untriaged"	"1305.2758"
"deepxiv"	"fragmentation"	"deepxiv_fragmentation.txt"	"1112.5509"	"Lower Bound of Concurrence and Distillation for Arbitrary Dimensional Bipartite Quantum States"	"Ming-Jing Zhao; Xue-Na Zhu; Shao-Ming Fei; Xianqing Li-Jost"	""	"Physical Review A"	"https://arxiv.org/abs/1112.5509"	"untriaged"	"1112.5509"
"deepxiv"	"pig_animal"	"deepxiv_pig_animal.txt"	"2005.10499"	"Panoptic Instance Segmentation on Pigs"	"Johannes Brünger; Maria Gentz; Imke Traulsen; Reinhard Koch"	""	"arXiv.org"	"https://arxiv.org/abs/2005.10499"	"untriaged"	"2005.10499"
"deepxiv"	"pig_animal"	"deepxiv_pig_animal.txt"	"2112.06193"	"GUNNEL: Guided Mixup Augmentation and Multi-Model Fusion for Aquatic Animal Segmentation"	"Minh-Quan Le; Trung-Nghia Le; Tam V. Nguyen; Isao Echizen; Minh-Triet Tran"	""	"Neural computing & applications (Print)"	"https://arxiv.org/abs/2112.06193"	"untriaged"	"2112.06193"
"deepxiv"	"pig_animal"	"deepxiv_pig_animal.txt"	"2206.01942"	"Occlusion-Resistant Instance Segmentation of Piglets in Farrowing Pens Using Center Clustering Network"	"Endai Huang; Axiu Mao; Junhui Hou; Yongjian Wu; Weitao Xu; Maria Camila Ceballos; Thomas D. Parsons; Kai Liu"	""	"Computers and Electronics in Agriculture"	"https://arxiv.org/abs/2206.01942"	"untriaged"	"2206.01942"
"deepxiv"	"pig_animal"	"deepxiv_pig_animal.txt"	"2312.07723"	"Automated Behavioral Analysis Using Instance Segmentation"	"Chen Yang; Jeremy Forest; Matthew Einhorn; Thomas A. Cleland"	""	"arXiv.org"	"https://arxiv.org/abs/2312.07723"	"untriaged"	"2312.07723"
"deepxiv"	"pig_animal"	"deepxiv_pig_animal.txt"	"2005.13131"	"Efficient Pig Counting in Crowds with Keypoints Tracking and Spatial-aware Temporal Response Filtering"	"Guang Chen; Shiwen Shen; Longyin Wen; Si Luo; Liefeng Bo"	"2020"	"IEEE International Conference on Robotics and Automation"	"https://arxiv.org/abs/2005.13131"	"untriaged"	"2005.13131"
"deepxiv"	"pig_animal"	"deepxiv_pig_animal.txt"	"2406.16039"	"CholecInstanceSeg: A Tool Instance Segmentation Dataset for Laparoscopic Surgery"	"Oluwatosin Alabi; Ko Ko Zayar Toe; Zijian Zhou; Charlie Budd; Nicholas Raison; Miaojing Shi; Tom Vercauteren"	""	"Scientific Data"	"https://arxiv.org/abs/2406.16039"	"untriaged"	"2406.16039"
"deepxiv"	"pig_animal"	"deepxiv_pig_animal.txt"	"1905.12886"	"iSAID: A Large-scale Dataset for Instance Segmentation in Aerial Images"	"Syed Waqas Zamir; Aditya Arora; Akshita Gupta; Salman Khan; Guolei Sun; Fahad Shahbaz Khan; Fan Zhu; Ling Shao; Gui-Song Xia; Xiang Bai"	""	"CVPR Workshops"	"https://arxiv.org/abs/1905.12886"	"untriaged"	"1905.12886"
"deepxiv"	"pig_animal"	"deepxiv_pig_animal.txt"	"2604.03426"	"Automated Segmentation and Tracking of Group Housed Pigs Using Foundation Models"	"Ye Bi; Bimala Acharya; David Rosero; Juan Steibel"	""	""	"https://arxiv.org/abs/2604.03426"	"untriaged"	"2604.03426"
"deepxiv"	"pig_animal"	"deepxiv_pig_animal.txt"	"2607.27585"	"ZMIS-SAM: Segment Anything Model Enhanced with Wavelet Transform for Zooplankton Microscopy Image Instance Segmentation"	"Dekun Yuan; Zhongwei Li; Zheng Qiao; Jie Zhang"	""	""	"https://arxiv.org/abs/2607.27585"	"untriaged"	"2607.27585"
"deepxiv"	"pig_animal"	"deepxiv_pig_animal.txt"	"2109.15068"	"iShape: A First Step Towards Irregular Shape Instance Segmentation"	"Lei Yang; Ziwei Yan; Yisheng He; Wei Sun; Zhenhang Huang; Haibin Huang; Haoqiang Fan"	""	"arXiv.org"	"https://arxiv.org/abs/2109.15068"	"untriaged"	"2109.15068"
"deepxiv"	"relation"	"deepxiv_relation.txt"	"1908.06623"	"IRNet: Instance Relation Network for Overlapping Cervical Cell Segmentation"	"Yanning Zhou; Hao Chen; Jiaqi Xu; Qi Dou; Pheng-Ann Heng"	""	"International Conference on Medical Image Computing and Computer-Assisted Intervention"	"https://arxiv.org/abs/1908.06623"	"untriaged"	"1908.06623"
"deepxiv"	"relation"	"deepxiv_relation.txt"	"2308.05062"	"Competitions in AI -- Robustly Ranking Solvers Using Statistical Resampling"	"Chris Fawcett; Mauro Vallati; Holger H. Hoos; Alfonso E. Gerevini"	""	"arXiv.org"	"https://arxiv.org/abs/2308.05062"	"untriaged"	"2308.05062"
"deepxiv"	"relation"	"deepxiv_relation.txt"	"2505.04143"	"Evaluating Performance Consistency in Competitive Programming: Educational Implications and Contest Design Insights"	"Zhongtang Luo; Ethan Dickey"	""	"arXiv.org"	"https://arxiv.org/abs/2505.04143"	"untriaged"	"2505.04143"
"deepxiv"	"relation"	"deepxiv_relation.txt"	"2309.11857"	"TCOVIS: Temporally Consistent Online Video Instance Segmentation"	"Junlong Li; Bingyao Yu; Yongming Rao; Jie Zhou; Jiwen Lu"	"2023"	"IEEE International Conference on Computer Vision"	"https://arxiv.org/abs/2309.11857"	"untriaged"	"2309.11857"
"deepxiv"	"relation"	"deepxiv_relation.txt"	"2107.03824"	"Instance-Level Relative Saliency Ranking with Graph Reasoning"	"Nian Liu; Long Li; Wangbo Zhao; Junwei Han; Ling Shao"	""	"IEEE Transactions on Pattern Analysis and Machine Intelligence"	"https://arxiv.org/abs/2107.03824"	"untriaged"	"2107.03824"
"deepxiv"	"relation"	"deepxiv_relation.txt"	"2208.09023"	"Single-Stage Open-world Instance Segmentation with Cross-task Consistency Regularization"	"Xizhe Xue; Dongdong Yu; Lingqiao Liu; Yu Liu; Satoshi Tsutsui; Ying Li; Zehuan Yuan; Ping Song; Mike Zheng Shou"	""	"arXiv.org"	"https://arxiv.org/abs/2208.09023"	"untriaged"	"2208.09023"
"deepxiv"	"relation"	"deepxiv_relation.txt"	"1812.01192"	"Learning to Fuse Things and Stuff"	"Jie Li; Allan Raventos; Arjun Bhargava; Takaaki Tagawa; Adrien Gaidon"	""	"arXiv.org"	"https://arxiv.org/abs/1812.01192"	"untriaged"	"1812.01192"
"deepxiv"	"relation"	"deepxiv_relation.txt"	"2010.02570"	"Does the Objective Matter? Comparing Training Objectives for Pronoun Resolution"	"Yordan Yordanov; Oana-Maria Camburu; Vid Kocijan; Thomas Lukasiewicz"	""	"Conference on Empirical Methods in Natural Language Processing"	"https://arxiv.org/abs/2010.02570"	"untriaged"	"2010.02570"
"deepxiv"	"relation"	"deepxiv_relation.txt"	"2206.07011"	"Consistent Video Instance Segmentation with Inter-Frame Recurrent Attention"	"Quanzeng You; Jiang Wang; Peng Chu; Andre Abrantes; Zicheng Liu"	""	"arXiv.org"	"https://arxiv.org/abs/2206.07011"	"untriaged"	"2206.07011"
"deepxiv"	"relation"	"deepxiv_relation.txt"	"2506.22977"	"On the Generalizability of ""Competition of Mechanisms: Tracing How Language Models Handle Facts and Counterfactuals"""	"Asen Dotsinski; Udit Thakur; Marko Ivanov; Mohammad Hafeez Khan; Maria Heuss"	""	"Trans. Mach. Learn. Res."	"https://arxiv.org/abs/2506.22977"	"untriaged"	"2506.22977"
"s2"	"dense"	"s2_dense.txt"	"ba4e9e731b1204545f8ccfcfc5d268c1a77cd430"	"Instance Segmentation of Dense and Overlapping Objects via Layering"	"Long Chen; Yuli Wu; D. Merhof"	"2022"	"British Machine Vision Conference"	"https://www.semanticscholar.org/paper/ba4e9e731b1204545f8ccfcfc5d268c1a77cd430"	"untriaged"	"ba4e9e731b1204545f8ccfcfc5d268c1a77cd430"
"s2"	"dense"	"s2_dense.txt"	"952f29b95443f09cfd5c22933a9f2999c1b4c5c7"	"CitrusSeg: A Lightweight High-Precision Instance Segmentation Network for Dense Citrus Detection"	"Mengyan Wang; Bin-Bin Gao; Xianghui Hui"	"2025"	"2025 6th International Conference on Artificial Intelligence and Computer Engineering (ICAICE)"	"https://www.semanticscholar.org/paper/952f29b95443f09cfd5c22933a9f2999c1b4c5c7"	"untriaged"	"952f29b95443f09cfd5c22933a9f2999c1b4c5c7"
"s2"	"dense"	"s2_dense.txt"	"62852ce9ee8941fd34a384e260cb5df0a016dcf8"	"PerSense: Training-Free Personalized Instance Segmentation in Dense Images"	"Muhammad Ibraheem Siddiqui; Muhammad Umer Sheikh; H. Abid; Muhammad Haris Khan"	"2024"	""	"https://www.semanticscholar.org/paper/62852ce9ee8941fd34a384e260cb5df0a016dcf8"	"untriaged"	"62852ce9ee8941fd34a384e260cb5df0a016dcf8"
"s2"	"dense"	"s2_dense.txt"	"83a193f513793ee76a1efaa9a5b6591c09864139"	"Softmax-Driven Active Shape Model for Segmenting Crowded Objects in Digital Pathology Images"	"M. Salvi; K. Meiburger; Filippo Molinari"	"2024"	"IEEE Access"	"https://www.semanticscholar.org/paper/83a193f513793ee76a1efaa9a5b6591c09864139"	"untriaged"	"83a193f513793ee76a1efaa9a5b6591c09864139"
"s2"	"dense"	"s2_dense.txt"	"66aea20b4d5026fbfff72a1c36ee4faa9e7b00e5"	"FG-TreeSeg: Flow-Guided Tree Crown Segmentation Without Instance Annotations"	"Pengyu Chen; Fangzheng Lyu; Sicheng Wang; Cuizhen Wang"	"2026"	"IEEE Geoscience and Remote Sensing Letters"	"https://www.semanticscholar.org/paper/66aea20b4d5026fbfff72a1c36ee4faa9e7b00e5"	"untriaged"	"66aea20b4d5026fbfff72a1c36ee4faa9e7b00e5"
"s2"	"dense"	"s2_dense.txt"	"57076b4306819203521d14dfad08693c2f5452f7"	"Unidentified Video Objects: A Benchmark for Dense, Open-World Segmentation"	"Weiyao Wang; Matt Feiszli; Heng Wang; Du Tran"	"2021"	"IEEE International Conference on Computer Vision"	"https://www.semanticscholar.org/paper/57076b4306819203521d14dfad08693c2f5452f7"	"untriaged"	"57076b4306819203521d14dfad08693c2f5452f7"
"s2"	"dense"	"s2_dense.txt"	"6056293ebf0492e36c2aba2a34a6c8ee74517a57"	"Building Extraction From Multi-View RGB-H Images With General Instance Segmentation Networks and a Grouping Optimization Algorithm"	"Dawen Yu; Hao Cheng"	"2025"	"IEEE Geoscience and Remote Sensing Letters"	"https://www.semanticscholar.org/paper/6056293ebf0492e36c2aba2a34a6c8ee74517a57"	"untriaged"	"6056293ebf0492e36c2aba2a34a6c8ee74517a57"
"s2"	"dense"	"s2_dense.txt"	"6a81b4a52f1503dbe809dfe6e418608e35b47e8f"	"Human Instance Segmentation Based on Omega- Shape Using Deep Learning"	"Huma Sheraz; Zuhaib Ahmed Khan; Muhammad Awais"	"2025"	"Journal of Science, Technology and Engineering Research"	"https://www.semanticscholar.org/paper/6a81b4a52f1503dbe809dfe6e418608e35b47e8f"	"untriaged"	"6a81b4a52f1503dbe809dfe6e418608e35b47e8f"
"s2"	"dense"	"s2_dense.txt"	"14efa86a34e18e6113ee6aa19cf40ffac476624f"	"An RGB-D Vision-Guided Robotic Depalletizing System for Irregular Camshafts with Transformer-Based Instance Segmentation and Flexible Magnetic Gripper"	"Runxi Wu; Ping Yang"	"2025"	"Actuators"	"https://www.semanticscholar.org/paper/14efa86a34e18e6113ee6aa19cf40ffac476624f"	"untriaged"	"14efa86a34e18e6113ee6aa19cf40ffac476624f"
"s2"	"dense"	"s2_dense.txt"	"92911198859fbf45d8bbbfdf051e950954190427"	"C.elegans Instance Segmentation via SAM Pseudo Labels and Morphology-Aware Tuning"	"Yugui Zhang; Zhen Yan; Lele Xu; Jinzhong Xu; Ye Li"	"2025"	"2025 6th International Conference on Computer Vision, Image and Deep Learning (CVIDL)"	"https://www.semanticscholar.org/paper/92911198859fbf45d8bbbfdf051e950954190427"	"untriaged"	"92911198859fbf45d8bbbfdf051e950954190427"
"s2"	"fragmentation"	"s2_fragmentation.txt"	"db2045d17c19484ba796900cad48ab7254b5a9a5"	"ECM Forum Summer Conference 2018 Poster Book play a key role in host-pathogen interaction and antimicrobial resistance in critical pathogen Pseudomonas"	""	""	""	"https://www.semanticscholar.org/paper/db2045d17c19484ba796900cad48ab7254b5a9a5"	"untriaged"	"db2045d17c19484ba796900cad48ab7254b5a9a5"
"s2"	"fragmentation"	"s2_fragmentation.txt"	"fdcb774d7311986bda6c92fefb3b88bf1fc48dee"	"The World-Wide-Mind: Draft Proposal"	"Mark Humphrys"	"2001"	""	"https://www.semanticscholar.org/paper/fdcb774d7311986bda6c92fefb3b88bf1fc48dee"	"untriaged"	"fdcb774d7311986bda6c92fefb3b88bf1fc48dee"
"s2"	"pig_animal"	"s2_pig_animal.txt"	"6c99bad6b2847c0feed52a56386c4cb016a2e397"	"CholecInstanceSeg: A Tool Instance Segmentation Dataset for Laparoscopic Surgery"	"Oluwatosin O. Alabi; K. Toe; Zijian Zhou; C. Budd; N. Raison; Miaojing Shi; Tom Vercauteren"	"2024"	"Scientific Data"	"https://www.semanticscholar.org/paper/6c99bad6b2847c0feed52a56386c4cb016a2e397"	"untriaged"	"6c99bad6b2847c0feed52a56386c4cb016a2e397"
"s2"	"pig_animal"	"s2_pig_animal.txt"	"cf1a658a01f3c9e1938ed129a882f86f13e62adc"	"Instance segmentation and automated pig posture recognition for smart health management"	"Md Nasim Reza; Md Sazzadul Kabir; Md Asrakul Haque; Hongbin Jin; Hyunjin Kyoung; Young Kyoung Choi; Gookhwan Kim; Sun-Ok Chung"	"2024"	"Journal of Animal Science and Technology"	"https://www.semanticscholar.org/paper/cf1a658a01f3c9e1938ed129a882f86f13e62adc"	"untriaged"	"cf1a658a01f3c9e1938ed129a882f86f13e62adc"
"s2"	"pig_animal"	"s2_pig_animal.txt"	"e77fb4fc269ad004eb28a52163c1c36f7824b3a4"	"ICNet: A Dual-Branch Instance Segmentation Network for High-Precision Pig Counting"	"Shanghao Liu; Chunjiang Zhao; Hongming Zhang; Qifeng Li; Shuqin Li; Yini Chen; Ronghua Gao; Rong Wang; Xuwen Li"	"2024"	"Agriculture"	"https://www.semanticscholar.org/paper/e77fb4fc269ad004eb28a52163c1c36f7824b3a4"	"untriaged"	"e77fb4fc269ad004eb28a52163c1c36f7824b3a4"
"s2"	"pig_animal"	"s2_pig_animal.txt"	"1a6bff0f7fcca85071ea033c1b8b2724da6ffe0a"	"Synthetic Data Augmentation for Enhanced Chicken Carcass Instance Segmentation"	"Yihong Feng; Chaitanya Pallerla; Xiaomin Lin; Arjun Suresh; Pouya Sohrabipour Sr; P. Crandall; Wan Shou; Yu She; Dongyi Wang"	"2025"	"IEEE Transactions on AgriFood Electronics"	"https://www.semanticscholar.org/paper/1a6bff0f7fcca85071ea033c1b8b2724da6ffe0a"	"untriaged"	"1a6bff0f7fcca85071ea033c1b8b2724da6ffe0a"
"s2"	"pig_animal"	"s2_pig_animal.txt"	"4347fb2e907106ae8ad528ab4f9a4d102ea4cace"	"Overlap Loss: Rethinking Weakly Supervised Instance Segmentation in Crowded Scenes"	"Shanghang Jiang; Shichao Zhao; Meng Wu; Le Zhang; Feng Zhou"	"2023"	"International Conference on Information Photonics"	"https://www.semanticscholar.org/paper/4347fb2e907106ae8ad528ab4f9a4d102ea4cace"	"untriaged"	"4347fb2e907106ae8ad528ab4f9a4d102ea4cace"
"s2"	"pig_animal"	"s2_pig_animal.txt"	"e7ce4118c779c2f38a18b32351cce5bfe3b46255"	"A Computer Vision Pipeline for Individual-Level Behavior Analysis: Benchmarking on the Edinburgh Pig Dataset"	"Haiyu Yang; Enhong Liu; Jennifer Sun; Sumit Sharma; Meike van Leerdam; S. Franceschini; P. Niu; M. Hostens"	"2025"	"arXiv.org"	"https://www.semanticscholar.org/paper/e7ce4118c779c2f38a18b32351cce5bfe3b46255"	"untriaged"	"e7ce4118c779c2f38a18b32351cce5bfe3b46255"
"s2"	"pig_animal"	"s2_pig_animal.txt"	"7ffe2bec1f784f55dd8b672b4f9932da8ba95264"	"SegBio: A lightweight end-to-end toolkit for Instance Segmentation of biological samples"	"E. Bokman; Neta Barlam; Omri Babay; Yuval Balshayi; Yifat Eliezer; Alon Zaslaver"	"2026"	"bioRxiv"	"https://www.semanticscholar.org/paper/7ffe2bec1f784f55dd8b672b4f9932da8ba95264"	"untriaged"	"7ffe2bec1f784f55dd8b672b4f9932da8ba95264"
"s2"	"pig_animal"	"s2_pig_animal.txt"	"f6740e44985bd54fa65faf3d2c162527ff5d8925"	"Coordinate-Aware Mask R-CNN with Group Normalization: A underwater marine animal instance segmentation framework"	"Dewei Yi; Hasan Bayarov Ahmedov; Shouyong Jiang; Yiren Li; Sean Joseph Flinn; Paul G. Fernandes"	"2024"	"Neurocomputing"	"https://www.semanticscholar.org/paper/f6740e44985bd54fa65faf3d2c162527ff5d8925"	"untriaged"	"f6740e44985bd54fa65faf3d2c162527ff5d8925"
"s2"	"pig_animal"	"s2_pig_animal.txt"	"91efb07413d6f5bf787de76afc9758a231fdd8d3"	"WormSwin: Instance segmentation of C. elegans using vision transformer"	"Maurice Deserno; Katarzyna Bozek"	"2023"	"bioRxiv"	"https://www.semanticscholar.org/paper/91efb07413d6f5bf787de76afc9758a231fdd8d3"	"untriaged"	"91efb07413d6f5bf787de76afc9758a231fdd8d3"
"s2"	"pig_animal"	"s2_pig_animal.txt"	"ffd9e596075237e78d2c739786bbe8a669feb46f"	"TransSnake: Contour-Based Wild Animal Instance Segmentation Using Contour Transformer"	"Tong Liu; Zheng Zhang; Zedong Wu; Bochuan Zheng"	"2024"	"2024 7th International Conference on Pattern Recognition and Artificial Intelligence (PRAI)"	"https://www.semanticscholar.org/paper/ffd9e596075237e78d2c739786bbe8a669feb46f"	"untriaged"	"ffd9e596075237e78d2c739786bbe8a669feb46f"
"s2"	"relation"	"s2_relation.txt"	"af500b15121beafd5b85e2cb67b76cb7f39d3f87"	"Beyond Similarity Matching: Structured Reasoning for Open-Vocabulary Referring Segmentation in 3DGS"	"Yizhao Wang; Xin-fa Wang; Jingbo Wang; Guantao Zhang; Yafeng Han; Guohong Gao; Yuhe Xia"	"2026"	""	"https://www.semanticscholar.org/paper/af500b15121beafd5b85e2cb67b76cb7f39d3f87"	"untriaged"	"af500b15121beafd5b85e2cb67b76cb7f39d3f87"
"s2"	"relation"	"s2_relation.txt"	"65ff497b343707464d3db33150b5e5c12cd399cb"	"SEER: A Self-Grounded Evidence Interface for Controlled Spatial Relation Classification"	"Feixiang Liu; Likun Wang; Qiang Qiu; Hui Xu; Huawei Shen; Xueqi Cheng"	"2026"	""	"https://www.semanticscholar.org/paper/65ff497b343707464d3db33150b5e5c12cd399cb"	"untriaged"	"65ff497b343707464d3db33150b5e5c12cd399cb"
"s2"	"relation"	"s2_relation.txt"	"076e523bc6a05dc0a9fef6edb78b46c6c1aa08dc"	"MICAI 2007: Advances in Artificial Intelligence, 6th Mexican International Conference on Artificial Intelligence, Aguascalientes, Mexico, November 4-10, 2007, Proceedings"	"Alexander Gelbukh; Á. Morales"	"2007"	"Mexican International Conference on Artificial Intelligence"	"https://www.semanticscholar.org/paper/076e523bc6a05dc0a9fef6edb78b46c6c1aa08dc"	"untriaged"	"076e523bc6a05dc0a9fef6edb78b46c6c1aa08dc"
"s2"	"relation"	"s2_relation.txt"	"d54a8d1f05251e4f2abd35b5c000e5040b8a8816"	"Principles and practice of constraint programming - CP 2004 : 10th International Conference, CP 2004, Toronto, Canada, September 27 - October 1, 2004 : proceedings"	"M. Wallace"	"2004"	""	"https://www.semanticscholar.org/paper/d54a8d1f05251e4f2abd35b5c000e5040b8a8816"	"untriaged"	"d54a8d1f05251e4f2abd35b5c000e5040b8a8816"
"s2"	"relation"	"s2_relation.txt"	"ff66ab7db7ac31b8ba1831a8e038a756a4467ee1"	"AI 2007 : Advances in artificial intelligence : 20th Australian Joint Conference on Artificial Intelligence Gold Coast, Australia, December 2-6, 2007 : proceedings"	"M. Orgun; J. Thornton"	"2007"	""	"https://www.semanticscholar.org/paper/ff66ab7db7ac31b8ba1831a8e038a756a4467ee1"	"untriaged"	"ff66ab7db7ac31b8ba1831a8e038a756a4467ee1"
"s2"	"relation"	"s2_relation.txt"	"dddf3dd8975472413dbde6dad46801839aac1d66"	"Natural Language Processing - IJCNLP 2005, Second International Joint Conference, Jeju Island, Korea, October 11-13, 2005, Proceedings"	"R. Dale; Kam-Fai Wong; Jian Su; O. Kwong"	"2005"	"International Joint Conference on Natural Language Processing"	"https://www.semanticscholar.org/paper/dddf3dd8975472413dbde6dad46801839aac1d66"	"untriaged"	"dddf3dd8975472413dbde6dad46801839aac1d66"
"openalex"	"dense"	"openalex_dense.txt"	"10.1016/j.media.2022.102371"	"Contour proposal networks for biomedical instance segmentation"	"Eric Upschulte, Stefan Harmeling, Katrin Amunts et al."	"2022"	"Medical Image Analysis"	"https://www.sciencedirect.com/science/article/pii/S136184152200024X/pdf"	"untriaged"	"doi:10.1016/j.media.2022.102371"
"openalex"	"dense"	"openalex_dense.txt"	"10.1109/jstars.2022.3169128"	"Bounding Box-Free Instance Segmentation Using Semi-Supervised Iterative Learning for Vehicle Detection"	"Osmar Luiz Ferreira de Carvalho, Osmar Abílio de Carvalho Júnior, Anesmar Olino de Albuquerque et al."	"2022"	"IEEE Journal of Selected Topics in Applied Earth Observations and Remote Sensing"	"https://ieeexplore.ieee.org/ielx7/4609443/9656571/09761723.pdf"	"untriaged"	"doi:10.1109/jstars.2022.3169128"
"openalex"	"dense"	"openalex_dense.txt"	"10.1016/j.neunet.2022.02.020"	"TSFD-Net: Tissue specific feature distillation network for nuclei segmentation and classification"	"Talha Ilyas, Zubaer Ibna Mannan, Abbas Khan et al."	"2022"	"Neural Networks"	"https://www.sciencedirect.com/science/article/pii/S0893608022000612/pdf"	"untriaged"	"doi:10.1016/j.neunet.2022.02.020"
"openalex"	"dense"	"openalex_dense.txt"	""	"Improved Multi-Person Tracking with Active Occlusion Handling"	"Andreas Ess, Konrad Schindler, Bastian Leibe et al."	"2009"	"RWTH Publications (RWTH Aachen)"	"http://publications.rwth-aachen.de/search?p=id:%22RWTH-CONV-172433%22"	"untriaged"	"improved multi person tracking with active occlusion handling"
"openalex"	"dense"	"openalex_dense.txt"	"10.1371/journal.pone.0206168"	"Multi-appearance segmentation and extended 0-1 programming for dense small object tracking"	"Longtao Chen, Mingwu Ren"	"2018"	"PLoS ONE"	"https://journals.plos.org/plosone/article/file?id=10.1371/journal.pone.0206168&type=printable"	"untriaged"	"doi:10.1371/journal.pone.0206168"
"openalex"	"dense"	"openalex_dense.txt"	"10.1007/s11042-020-09004-3"	"Vision-based human activity recognition: a survey"	"Djamila Romaissa Beddiar, Brahim Nini, Mohammad Sabokrou et al."	"2020"	"Multimedia Tools and Applications"	"https://link.springer.com/content/pdf/10.1007/s11042-020-09004-3.pdf"	"untriaged"	"doi:10.1007/s11042-020-09004-3"
"openalex"	"dense"	"openalex_dense.txt"	"10.1016/j.aiia.2020.09.002"	"A review on computer vision systems in monitoring of poultry: A welfare perspective"	"Cedric Okinda, Innocent Nyalala, Tchalla Korohou et al."	"2020"	"Artificial Intelligence in Agriculture"	"https://www.sciencedirect.com/science/article/pii/S2589721720300258/pdf"	"untriaged"	"doi:10.1016/j.aiia.2020.09.002"
"openalex"	"dense"	"openalex_dense.txt"	"10.1016/j.imavis.2008.11.007"	"Social signal processing: Survey of an emerging domain"	"Alessandro Vinciarelli, Maja Pantić, Hervé Bourlard"	"2008"	"Image and Vision Computing"	"https://www.sciencedirect.com/science/article/pii/S0262885608002485"	"untriaged"	"doi:10.1016/j.imavis.2008.11.007"
"openalex"	"dense"	"openalex_dense.txt"	"10.1007/s00371-023-02828-8"	"Volume conductor: interactive visibility management for crowded volumes"	"Žiga Lesar, Ruwayda Alharbi, Ciril Bohak et al."	"2023"	"The Visual Computer"	"https://link.springer.com/content/pdf/10.1007/s00371-023-02828-8.pdf"	"untriaged"	"doi:10.1007/s00371-023-02828-8"
"openalex"	"dense"	"openalex_dense.txt"	"10.1371/journal.pone.0226669"	"Recording behaviour of indoor-housed farm animals automatically using machine vision technology: A systematic review"	"Kaitlin Elizabeth Wurtz, Irene Camerlink, Richard B. D’Eath et al."	"2019"	"PLoS ONE"	"https://journals.plos.org/plosone/article/file?id=10.1371/journal.pone.0226669&type=printable"	"untriaged"	"doi:10.1371/journal.pone.0226669"
"openalex"	"fragmentation"	"openalex_fragmentation.txt"	"10.1016/j.respol.2021.104330"	"Governance of data sharing: A law & economics proposal"	"Inge Graef, Jens Prüfer"	"2021"	"Research Policy"	"https://www.sciencedirect.com/science/article/pii/S004873332100130X/pdf"	"untriaged"	"doi:10.1016/j.respol.2021.104330"
"openalex"	"fragmentation"	"openalex_fragmentation.txt"	"10.1093/oxrep/grac047"	"International pro-competition regulation of digital platforms: healthy experimentation or dangerous fragmentation?"	"Amelia Fletcher"	"2023"	"Oxford Review of Economic Policy"	"https://academic.oup.com/oxrep/article-pdf/39/1/12/49590354/grac047.pdf"	"untriaged"	"doi:10.1093/oxrep/grac047"
"openalex"	"fragmentation"	"openalex_fragmentation.txt"	"10.2139/ssrn.3144139"	"Social Media, Political Polarization, and Political Disinformation: A Review of the Scientific Literature"	"Joshua A. Tucker, Andrew M. Guess, Pablo Barberá et al."	"2018"	"SSRN Electronic Journal"	"https://papers.ssrn.com/sol3/Delivery.cfm?abstractid=3144139"	"untriaged"	"doi:10.2139/ssrn.3144139"
"openalex"	"fragmentation"	"openalex_fragmentation.txt"	"10.1088/1748-9326/aabf9b"	"Negative emissions—Part 1: Research landscape and synthesis"	"Jan C. Minx, William F. Lamb, Max Callaghan et al."	"2018"	"Environmental Research Letters"	"https://iopscience.iop.org/article/10.1088/1748-9326/aabf9b/pdf"	"untriaged"	"doi:10.1088/1748-9326/aabf9b"
"openalex"	"fragmentation"	"openalex_fragmentation.txt"	"10.1787/c83e178d-en"	"Ex Ante Regulation and Competition in Digital Markets"	"OECD"	"2021"	"OECD competition law and policy working papers."	"https://www.oecd.org/content/dam/oecd/en/publications/reports/2021/12/ex-ante-regulation-and-competition-in-digital-markets_834e11f8/c83e178d-en.pdf"	"untriaged"	"doi:10.1787/c83e178d-en"
"openalex"	"fragmentation"	"openalex_fragmentation.txt"	"10.1016/s0140-6736(15)00946-0"	"Will Ebola change the game? Ten essential reforms before the next pandemic. The report of the Harvard-LSHTM Independent Panel on the Global Response to Ebola"	"Suerie Moon, Devi Sridhar, Muhammad Ali Pate et al."	"2015"	"The Lancet"	"http://www.thelancet.com/article/S0140673615009460/pdf"	"untriaged"	"doi:10.1016/s0140-6736(15)00946-0"
"openalex"	"fragmentation"	"openalex_fragmentation.txt"	"10.1016/j.erss.2022.102630"	"A “spatially just” transition? A critical review of regional equity in decarbonisation pathways"	"Alice Garvey, Jonathan Norman, Milena Büchs et al."	"2022"	"Energy Research & Social Science"	"https://www.sciencedirect.com/science/article/pii/S2214629622001347/pdf"	"untriaged"	"doi:10.1016/j.erss.2022.102630"
"openalex"	"fragmentation"	"openalex_fragmentation.txt"	"10.1016/s0140-6736(21)01701-3"	"The EASL–Lancet Liver Commission: protecting the next generation of Europeans against liver disease complications and premature mortality"	"Tom H Karlsen, Nick Sheron, Shira Zelber-Sagi et al."	"2021"	"The Lancet"	"http://www.thelancet.com/article/S0140673621017013/pdf"	"untriaged"	"doi:10.1016/s0140-6736(21)01701-3"
"openalex"	"fragmentation"	"openalex_fragmentation.txt"	"10.1016/s0160-791x(03)00021-6"	"Research “in the wild” and the shaping of new social identities"	"Michel Callon, Vololona Rabeharisoa"	"2003"	"Technology in Society"	"https://www.sciencedirect.com/science/article/pii/S0160791X03000216"	"untriaged"	"doi:10.1016/s0160-791x(03)00021-6"
"openalex"	"fragmentation"	"openalex_fragmentation.txt"	"10.1186/1745-6150-7-18"	"Polymorphic toxin systems: Comprehensive characterization of trafficking modes, processing, mechanisms of action, immunity and ecology using comparative genomics"	"Dapeng Zhang, Robson Francisco de Souza, Vivek Anantharaman et al."	"2012"	"Biology Direct"	"https://biologydirect.biomedcentral.com/counter/pdf/10.1186/1745-6150-7-18"	"untriaged"	"doi:10.1186/1745-6150-7-18"
"openalex"	"pig_animal"	"openalex_pig_animal.txt"	"10.3390/s19051188"	"Automatic Individual Pig Detection and Tracking in Pig Farms"	"Lei Zhang, Helen Gray, Xujiong Ye et al."	"2019"	"Sensors"	"https://www.mdpi.com/1424-8220/19/5/1188/pdf?version=1552030548"	"untriaged"	"doi:10.3390/s19051188"
"openalex"	"pig_animal"	"openalex_pig_animal.txt"	"10.3390/ani13081338"	"SheepInst: A High-Performance Instance Segmentation of Sheep Images Based on Deep Learning"	"Zhao Hongke, Rui Mao, Mei Li et al."	"2023"	"Animals"	"https://www.mdpi.com/2076-2615/13/8/1338/pdf?version=1681387262"	"untriaged"	"doi:10.3390/ani13081338"
"openalex"	"pig_animal"	"openalex_pig_animal.txt"	"10.52825/bis.v1i.59"	"Evaluation of Deep Learning Instance Segmentation Models for Pig Precision Livestock Farming"	"J. H. Witte, Johann Gerberding, Christian Melching et al."	"2021"	"Business Information Systems"	"https://www.tib-op.org/ojs/index.php/bis/article/download/59/100"	"untriaged"	"doi:10.52825/bis.v1i.59"
"openalex"	"pig_animal"	"openalex_pig_animal.txt"	"10.1038/s41598-022-04854-3"	"High-throughput segmentation of unmyelinated axons by deep learning"	"Emanuele Plebani, Natália P. Biscola, Leif A. Havton et al."	"2022"	"Scientific Reports"	"https://www.nature.com/articles/s41598-022-04854-3.pdf"	"untriaged"	"doi:10.1038/s41598-022-04854-3"
"openalex"	"pig_animal"	"openalex_pig_animal.txt"	"10.1371/journal.pone.0226669"	"Recording behaviour of indoor-housed farm animals automatically using machine vision technology: A systematic review"	"Kaitlin Elizabeth Wurtz, Irene Camerlink, Richard B. D’Eath et al."	"2019"	"PLoS ONE"	"https://journals.plos.org/plosone/article/file?id=10.1371/journal.pone.0226669&type=printable"	"untriaged"	"doi:10.1371/journal.pone.0226669"
"openalex"	"pig_animal"	"openalex_pig_animal.txt"	"10.5220/0010288405240533"	"Extracting Accurate Long-term Behavior Changes from a Large Pig Dataset"	"Luca Bergamini, Stefano Pini, Alessandro Simoni et al."	"2021"	"Unknown"	"https://doi.org/10.5220/0010288405240533"	"untriaged"	"doi:10.5220/0010288405240533"
"openalex"	"pig_animal"	"openalex_pig_animal.txt"	"10.3390/agriculture12091314"	"Automatic Position Detection and Posture Recognition of Grouped Pigs Based on Deep Learning"	"Hengyi Ji, Jionghua Yu, Fengdan Lao et al."	"2022"	"Agriculture"	"https://www.mdpi.com/2077-0472/12/9/1314/pdf?version=1661509821"	"untriaged"	"doi:10.3390/agriculture12091314"
"openalex"	"pig_animal"	"openalex_pig_animal.txt"	"10.1093/jas/skae174"	"Integrating computer vision algorithms and RFID system for identification and tracking of group-housed animals: an example with pigs"	"Mónica Mora, Miriam Piles, Ingrid David et al."	"2024"	"Journal of Animal Science"	"https://hal.science/hal-04621669/document"	"untriaged"	"doi:10.1093/jas/skae174"
"openalex"	"pig_animal"	"openalex_pig_animal.txt"	"10.3390/ani13152521"	"Cattle Target Segmentation Method in Multi-Scenes Using Improved DeepLabV3+ Method"	"Tao Feng, Yangyang Guo, Xiaoping Huang et al."	"2023"	"Animals"	"https://www.mdpi.com/2076-2615/13/15/2521/pdf?version=1691140878"	"untriaged"	"doi:10.3390/ani13152521"
"openalex"	"pig_animal"	"openalex_pig_animal.txt"	"10.1016/j.aiia.2020.09.002"	"A review on computer vision systems in monitoring of poultry: A welfare perspective"	"Cedric Okinda, Innocent Nyalala, Tchalla Korohou et al."	"2020"	"Artificial Intelligence in Agriculture"	"https://www.sciencedirect.com/science/article/pii/S2589721720300258/pdf"	"untriaged"	"doi:10.1016/j.aiia.2020.09.002"
"openalex"	"relation"	"openalex_relation.txt"	"10.1109/tmi.2014.2377694"	"The Multimodal Brain Tumor Image Segmentation Benchmark (BRATS)"	"Bjoern Menze, András Jakab, Stefan Bauer et al."	"2014"	"IEEE Transactions on Medical Imaging"	"https://ieeexplore.ieee.org/ielx7/42/7283692/06975210.pdf"	"untriaged"	"doi:10.1109/tmi.2014.2377694"
"openalex"	"relation"	"openalex_relation.txt"	"10.48550/arxiv.2108.06932"	"Polyp-PVT: Polyp Segmentation with Pyramid Vision Transformers"	"Bo Dong, Wenhai Wang, Deng-Ping Fan et al."	"2021"	"arXiv (Cornell University)"	"https://arxiv.org/pdf/2108.06932"	"untriaged"	"doi:10.48550/arxiv.2108.06932"
"openalex"	"relation"	"openalex_relation.txt"	"10.1109/jproc.2021.3058954"	"Toward Causal Representation Learning"	"Bernhard Schölkopf, Francesco Locatello, Stefan Bauer et al."	"2021"	"Proceedings of the IEEE"	"https://ieeexplore.ieee.org/ielx7/5/9420072/09363924.pdf"	"untriaged"	"doi:10.1109/jproc.2021.3058954"
"openalex"	"relation"	"openalex_relation.txt"	"10.1093/cercor/bhp055"	"Where Is the Semantic System? A Critical Review and Meta-Analysis of 120 Functional Neuroimaging Studies"	"Jeffrey R. Binder, Rutvik H. Desai, William W. Graves et al."	"2009"	"Cerebral Cortex"	"https://academic.oup.com/cercor/article-pdf/19/12/2767/17300551/bhp055.pdf"	"untriaged"	"doi:10.1093/cercor/bhp055"
"openalex"	"relation"	"openalex_relation.txt"	"10.1108/et.2003.00445hae.003"	"Human Capital in a Global and Knowledge-Based Economy"	"Angel De, Antonio Ciccone, Universitat Autònoma de Barcelona. Unitat de Fonaments de l'Anàlisi Econòmica et al."	"2003"	"Education + Training"	"https://ddd.uab.cat/pub/worpap/2006/hdl_2072_1887/56203.pdf"	"untriaged"	"doi:10.1108/et.2003.00445hae.003"
"openalex"	"relation"	"openalex_relation.txt"	"10.1016/j.media.2021.102125"	"Deep learning for chest X-ray analysis: A survey"	"Erdi Çallı, Ecem Sogancioglu, Bram van Ginneken et al."	"2021"	"Medical Image Analysis"	"https://www.sciencedirect.com/science/article/pii/S1361841521001717/pdf"	"untriaged"	"doi:10.1016/j.media.2021.102125"
"openalex"	"relation"	"openalex_relation.txt"	"10.1186/gb-2008-9-s2-s2"	"Overview of BioCreative II gene mention recognition"	"Larry Smith, Lorraine Tanabe, R. Ando et al."	"2008"	"Genome biology"	"https://genomebiology.biomedcentral.com/counter/pdf/10.1186/gb-2008-9-s2-s2"	"untriaged"	"doi:10.1186/gb-2008-9-s2-s2"
"openalex"	"relation"	"openalex_relation.txt"	"10.1038/s41598-025-14333-0"	"A novel unified Inception-U-Net hybrid gravitational optimization model (UIGO) incorporating automated medical image segmentation and feature selection for liver tumor detection"	"Tathagat Banerjee, Davinder Paul Singh, Prabhjot Kour et al."	"2025"	"Scientific Reports"	"https://www.nature.com/articles/s41598-025-14333-0.pdf"	"untriaged"	"doi:10.1038/s41598-025-14333-0"
"openalex"	"relation"	"openalex_relation.txt"	"10.1038/s41746-025-01964-w"	"Large-vocabulary segmentation for medical images with text prompts"	"Ziheng Zhao, Yao Zhang, Chaoyi Wu et al."	"2025"	"npj Digital Medicine"	"https://www.nature.com/articles/s41746-025-01964-w.pdf"	"untriaged"	"doi:10.1038/s41746-025-01964-w"
"openalex"	"relation"	"openalex_relation.txt"	"10.1016/j.array.2022.100258"	"Data augmentation: A comprehensive survey of modern approaches"	"Alhassan Mumuni, Fuseini Mumuni"	"2022"	"Array"	"https://www.sciencedirect.com/science/article/pii/S2590005622000911/pdf"	"untriaged"	"doi:10.1016/j.array.2022.100258"
